taxid	scientific_name
89	Leptothrix discophora
245	Flavobacterium aquatile
255	[Flavobacterium] lutescens
285	Comamonas testosteroni
293	Brevundimonas diminuta
305	Ralstonia solanacearum
329	Ralstonia pickettii
337	Burkholderia glumae
339	Xanthomonas campestris
343	Xanthomonas translucens
347	Xanthomonas oryzae
375	Bradyrhizobium japonicum
384	Rhizobium leguminosarum
396	Rhizobium phaseoli
398	Rhizobium tropici
410	Methylobacterium organophilum
411	Methylobacterium specialis
474	Acinetobacter glutaminasificans
562	Escherichia coli
564	Escherichia fergusonii
964	Herbaspirillum seropedicae
983	Flavobacterium flevense
986	Flavobacterium johnsoniae
991	Flavobacterium hydatis
996	Flavobacterium columnare
1400	Bacillus intermedius
1408	Bacillus pumilus
1425	Bacillus thermoamyloliquefaciens
1427	Bacillus thermoproteolyticus
1455	Bacillus badius
1456	Bacillus benzoevorans
1471	Bacillus methanolicus
1479	Bacillus smithii
1481	Bacillus ohbensis
1673	Rhizobium viscosum
1744	Propionibacterium freudenreichii
12917	Acidovorax facilis
13160	Brevundimonas bullata
13689	Sphingomonas paucimobilis
28030	Bacillus acidopullulyticus
28090	Acinetobacter lwoffii
28095	Burkholderia gladioli
28097	Ralstonia syzygii
28101	Phyllobacterium myrsinacearum
28212	Sphingomonas adhaesiva
28213	Sphingomonas parapaucimobilis
29430	Acinetobacter haemolyticus
29447	Xanthomonas albilineans
29448	Bradyrhizobium elkanii
29449	Rhizobium etli
29450	Rhizobium leucaenae
29533	Flavobacterium pectinovorum
29534	Flavobacterium saccharophilum
29536	Flavobacterium succinicans
29545	Azoarcus indigens
29581	Janthinobacterium lividum
31998	Methylobacterium radiotolerans
32013	Comamonas terrigena
33017	Bacillus acidovorans
33020	Bacillus pseudomegaterium
33022	Bacillus racemilacticus
33023	Bacillus viscosus
33051	Sphingomonas sanguinis
33937	Bacillus thermoalkalophilus
34029	Leptothrix cholodnii
34066	Pseudomonas thermocarboxydovorans
35807	Sphingomonas genosp. 1
35808	Sphingomonas genosp. 2
36858	Comamonas baltica
37448	Polaromonas vacuolata
37638	Pseudomonas alginovora
37752	Flavobacterium hibernum
38072	Bacillus infernus
39439	Pseudomonas hydrogenovora
39956	Methylobacterium mesophilicum
40214	Acinetobacter johnsonii
40215	Acinetobacter junii
40216	Acinetobacter radioresistens
40681	Sphingomonas asaccharolytica
40682	Sphingomonas mali
40683	Sphingomonas pruni
41174	Flavobacterium paraogurii
41208	Flavobacterium ogurii
41276	Brevundimonas vesicularis
41899	Burkholderia plantarii
42189	Bacillus israeli
42685	Pseudomonas marginata
43992	Bradyrhizobium liaoningense
44255	Bradyrhizobium oligotrophicum
46677	Pseudomonas agarici
47229	Massilia timonae
47592	Bacillus coniferum
47884	Pseudomonas taetrolens
47886	Pseudomonas luteola
47920	Acidovorax delafieldii
47994	Leptothrix mobilis
48503	Sphingomonas agrestis
48664	Xanthomonas fragariae
50338	Rhizobium sullae
52131	Rhizobium hainanense
52133	Acinetobacter venetianus
53317	Sphingomonas trueperi
53407	Pseudomonas asplenii
53411	Pseudomonas halodenitrificans
53413	Xanthomonas axonopodis
53414	Xanthomonas populi
55197	Flavobacterium branchiophilum
55508	Janthinobacterium agaricidamnosum
56361	Sphingomonas ursincola
56448	Xanthomonas arboricola
56449	Xanthomonas bromi
56450	Xanthomonas cassavae
56453	Xanthomonas cucurbitae
56454	Xanthomonas hortorum
56455	Xanthomonas hyacinthi
56456	Xanthomonas melonis
56457	Xanthomonas pisi
56458	Xanthomonas sacchari
56459	Xanthomonas vasicola
56460	Xanthomonas vesicatoria
56463	Xanthomonas codiaei
56464	Xanthomonas theicola
56730	Rhizobium gallicum
56731	Rhizobium giardinii
57038	Pseudomonas wisconsinensis
57676	Rhizobium mongolense
59803	Sphingomonas echinoides
61013	Rhizobium yanglingense
64002	Nevskia ramosa
64702	Propionibacterium cyclohexanicum
65741	Pseudomonas knackmussii
68569	Sphingomonas leidyi
68895	Cupriavidus basilensis
69322	Flavobacterium xanthum
69408	Bacillus flavocaldarius
69670	Brevundimonas halotolerans
70346	Acinetobacter variabilis
70347	Acinetobacter genomosp. 16BJ
70348	Acinetobacter dispersus
70582	Aquabacterium citratiphilum
70584	Aquabacterium parvum
70586	Aquabacterium commune
71865	Bacillus tipchiralis
74311	Brevundimonas bacteroides
74312	Brevundimonas variabilis
74313	Brevundimonas subvibrioides
74314	Brevundimonas alba
74315	Brevundimonas intermedia
74316	Brevundimonas aurantiaca
74325	Brevundimonas poindexterae
74326	Brevundimonas staleyi
74329	Brevundimonas mediterranea
75659	Duganella zoogloeoides
76848	Sphingomonas roseiflava
77298	Pseudomonas jessenii
77523	Bacillus horti
80842	Herbaspirillum rubrisubalbicans
80866	Delftia acidovorans
80878	Acidovorax temperans
82541	Cupriavidus gilardii
82633	Cupriavidus pauculus
83617	Stenotrophomonas nitritireducens
83621	Rhizobium genosp. Q
83622	Rhizobium genosp. R
83627	Bradyrhizobium commune
84586	Pseudomonas borealis
84636	Bacillus alcaliinulinus
86184	Stenotrophomonas pictorum
86186	Xanthomonas cissicola
86188	Stenotrophomonas geniculata
86265	Pseudomonas thivervalensis
86663	Bacillus carboniphilus
86669	Acidovorax defluvii
89065	Pseudomonas abietaniphila
91382	Flavobacterium gastricum
92645	Herbaspirillum frisingense
93063	Sphingomonas aquatilis
93064	Sphingomonas koreensis
95300	Pseudomonas vancouverensis
96344	Cupriavidus oxalaticus
96345	Flavobacterium psychrophilum
99286	Flavobacterium frigidarium
99597	Sphingomonas pituitosa
101332	Bacillus longisporus
101564	Pseudomonas alcaliphila
104087	Pseudomonas frederiksbergensis
105219	Ralstonia mannitolilytica
106590	Cupriavidus necator
106646	Acinetobacter genomosp. 6
106648	Acinetobacter bereziniae
106649	Acinetobacter guillouiae
106651	Acinetobacter genomosp. 15BJ
107400	Methylobacterium fujisawaense
108015	Bradyrhizobium yuanmingense
108437	Comamonas nitrativorans
108527	Bacillus amiliensis
108980	Acinetobacter ursingii
108981	Acinetobacter schindleri
114404	Sphingomonas fennica
114501	Bacillus thermoterrestris
114616	Methylobacterium nodulans
117506	Comamonas denitrificans
117680	Pseudomonas reactans
117681	Pseudomonas gingeri
119219	Cupriavidus metallidurans
119981	Propionibacterium australiense
121873	Acidovorax wohlfahrtii
122355	Pseudomonas psychrophila
128780	Stenotrophomonas acidaminiphila
129847	Pseudomonas grimontii
131080	Limnobacter thiooxidans
132476	Pseudomonas kilonensis
132923	Flavobacterium aff. xylanivorum A1/C-aer/OIV
132929	Duganella aff. zoogloeoides 14.15
132931	Flavobacterium aff. hibernum 4.5
134533	Acinetobacter parvus
134534	Acinetobacter gyllenbergii
135830	Pseudomonas diterpeniphila
136408	Delftia cf. acidovorans
136996	Bradyrhizobium lupini
137658	Pseudomonas indica
147728	Pseudomonas andersonii
148618	Ralstonia detusculanense
148630	Stenotrophomonas detusculanense
150146	Flavobacterium gillisiae
150172	Flavobacterium tegetincola
151654	Cupriavidus laharis
151783	Cupriavidus campinensis
152269	Bacillus nitritophilus
152682	Sphingomonas melonis
157782	Pseudomonas parafulva
157783	Pseudomonas cremoricolorata
157784	Pseudomonas thermotolerans
158627	Pseudomonas graminis
158891	Rhizobium indigoferae
160825	Comamonas koreensis
161919	Bacillus aestuarii
163011	Pseudomonas lini
164546	Cupriavidus taiwanensis
170350	Bacillus deramificans
170540	Pseudomonas abyssi
172043	Brevundimonas nasdae
172044	Sphingomonas yabuuchiae
178355	Flavobacterium omnivorum
178356	Flavobacterium xinjiangense
179878	Sphingomonas elodea
180195	Herbaspirillum autotrophicum
180282	Delftia tsuruhatensis
180441	Flavobacterium limicola
185949	Sphingomonas aurantiaca
185950	Sphingomonas faeni
185951	Sphingomonas aerolata
190148	Bradyrhizobium paxllaeri
190721	Ralstonia insidiosa
191390	Pseudomonas palleroniana
191391	Pseudomonas salomonii
192388	Acidovorax aerodenitrificans
195930	Cupriavidus respiraculi
198618	Pseudomonas umsongensis
198808	Pseudomonas agarolyticus
201179	Pseudomonas tropicalis
202950	Acinetobacter baylyi
202951	Acinetobacter bouvetii
202952	Acinetobacter gerneri
202954	Acinetobacter tandoii
202955	Acinetobacter tjernbergiae
202956	Acinetobacter towneri
203540	Bacillus aeolius
206041	Flavobacterium gelidilacus
208200	Bacillus baekryungensis
208962	Escherichia albertii
209458	Bacillus arbutinivorans
209459	Bacillus casamancensis
209460	Bacillus djibelorensis
209461	Bacillus fucosivorans
209462	Bacillus pichinotyi
209463	Bacillus senegalensis
210391	Bacillus hackensackii
211589	Herbaspirillum chlorophenolicum
213312	Herbaspirillum lusitanum
214801	Massilia cf. timonae
216142	Pseudomonas rhizosphaerae
216379	Bradyrhizobium genosp.
216465	Polaromonas naphthalenivorans
216590	Candidatus Rhizobium massiliae
216778	Stenotrophomonas rhizophila
219572	Pseudomonas antarctica
219573	Pseudomonas meridiana
221992	Cupriavidus numazuensis
223381	Escherichia senegalensis
225991	Comamonas aquatica
225992	Comamonas kerstersii
226909	Pseudomonas rathonis
226910	Pseudomonas batumici
228925	Rhizobium arachis
229203	Flavobacterium degerlachei
229204	Flavobacterium frigoris
229205	Flavobacterium micromati
230146	Acinetobacter genomosp. C1
230954	Bacillus thermozeamaize
237435	Pseudomonas filiscindens
237609	Pseudomonas alkylphenolica
237610	Pseudomonas psychrotolerans
237611	Sphingomonas abaci
237612	Sphingomonas panni
240521	Rhizobium daejeonense
242163	Candidatus Burkholderia verschuerenii
243690	Methylobacterium goesingense
243922	Acinetobacter rhizosphaerae
243924	Pseudomonas lutea
244566	Pseudomonas lurida
244596	Hoeflea phototrophica
244734	Bradyrhizobium betae
248026	Cupriavidus pinatubonensis
249351	Flavobacterium psychrolimnae
249352	Flavobacterium fryxellicola
251550	Bacillus danangensis
254015	Pseudomonas blatchfordae
255045	Bradyrhizobium canariense
256466	Pseudomonas japonica
257003	Sphingomonas phyllosphaerae
262320	Flavobacterium frigidimaris
262668	Acinetobacter beijerinckii
265291	Comamonas badia
266127	Sphingomonas soli
266128	Stenotrophomonas koreensis
269660	Methylobacterium brachiatum
270350	Methylobacterium hispanicum
270351	Methylobacterium aquaticum
271155	Flavobacterium antarcticum
271156	Flavobacterium weaverense
271157	Flavobacterium segetis
272772	Pseudomonas pudica
273032	Bacillus taeanensis
274592	Hoeflea marina
279215	Bacillus alveayuensis
279970	Escherichia faecalis
280093	Flavobacterium granuli
280145	Acinetobacter colistiniresistens
280146	Acinetobacter genomosp. 15TU
280147	Acinetobacter courvalinii
280332	Bradyrhizobium jicamae
280333	Bradyrhizobium pachyrhizi
281361	Flavobacterium denitrificans
281375	Acinetobacter marinus
281376	Acinetobacter seohaensis
281785	Phyllobacterium catacumbae
284580	Bacillus seohaeanensis
286638	Massilia alkalitolerans
288436	Hoeflea alexandrii
289003	Pseudomonas borbori
289370	Pseudomonas argentinensis
290239	Rhizobium genosp. AI
290240	Rhizobium genosp. AJ
290241	Rhizobium genosp. AK
290309	Comamonas granuli
293388	Bacillus aerius
293958	Rhizobium lusitanum
295428	Flavobacterium cheniae
296544	Sphingomonas bisphenolicum
298708	Sphingomonas kaistensis
298794	Methylobacterium variabile
298908	Pseudomonas segetis
300193	Phyllobacterium trifolii
301154	Sphingomonas oligophenolica
302048	Bacillus nematocida
305582	Bradyrhizobium genosp. beta
305584	Bradyrhizobium genosp. alpha
305959	Xanthomonas retroflexus
310348	Pseudomonas guezennei
310400	Sphingomonas yunnanensis
312253	Bradyrhizobium tropiciagri
312277	Flavobacterium indicum
312306	Pseudomonas entomophila
314235	Phyllobacterium brassicacearum
314236	Phyllobacterium bourgognense
314237	Phyllobacterium leguminum
314238	Phyllobacterium ifriqiyense
315478	Methylobacterium isbiliense
319939	Pseudomonas otitidis
320323	Acinetobacter psychrotolerans
321661	Pseudomonas vranovensis
321846	Pseudomonas simiae
322163	Brevundimonas kwangchunensis
324767	Bacillus infantis
327691	Sphingomonas rhizogenes
328413	Bacillus chandigarhensis
328552	Bradyrhizobium denitrificans
329186	Flavobacterium saliperosum
329877	Bacillus alkalogaya
330920	Sphingomonas azotifigens
332657	Polaromonas aquatica
333297	Methylobacterium adhaesivum
334852	Methylobacterium oryzae
335017	Rhizobium mesosinicum
335476	Polaromonas hydrogenivorans
335605	Sphingomonas rosea
335630	Sphingomonas humi
336170	Herbaspirillum magnetovibrio
336566	Stenotrophomonas ginsengisoli
336840	Rhizobium taeanense
340171	Bacillus olivae
341045	Herbaspirillum hiltneri
344880	Sphingomonas dokdonensis
344881	Flavobacterium soli
346179	Herbaspirillum rhizosphaerae
348824	Rhizobium favelukesii
350893	Flavobacterium daejeonense
350894	Flavobacterium suncheonense
359110	Pseudomonas extremaustralis
362413	Flavobacterium aquidurense
362418	Flavobacterium reichenbachii
363192	Acinetobacter antiviralis
363631	Brevundimonas terrae
363835	Sphingomonas ginsengisoli An et al. 2013
363842	Polaromonas ginsengisoli
363952	Comamonas thiooxydans
364197	Pseudomonas pohangensis
366289	Pseudomonas delhiensis
366650	Xanthomonas alfalfae
367825	Cupriavidus malaysiensis
368607	Janthinobacterium svalbardensis
369743	Bacillus cf. pumilus SG2
369795	Hoeflea anabaenae
370959	Sphingomonas mucosissima
370974	Flavobacterium filum
370975	Flavobacterium croceum
370977	Brevundimonas aveniformis
370979	Flavobacterium defluvii
372074	Bacillus granadensis
373040	Massilia aurea
374176	Bacillus mangrovensis
374424	Methylobacterium gregans
374425	Methylobacterium komagatae
374426	Methylobacterium persicinum
374432	Methylobacterium tardum
378211	Methyloversatilis universalis
379684	Rhizobium pseudoryzae
379895	Comamonas odontotermitis
380630	Bacillus decisifrondis
381630	Methylobacterium jeotgali
382725	Aquabacterium hongkongensis
386300	Flavobacterium glaciei
386874	Sphingomonas sediminicola
387094	Flavobacterium hercynium
387660	Sphingomonas anadarae
392409	Sphingomonas jaspsi
393664	Rhizobium cellulosilyticum
395598	Pseudomonas reinekei
395599	Pseudomonas moorei
395600	Pseudomonas mohnii
396323	Acinetobacter brisouii
397260	Sphingomonas sanxanigenens
400771	Leptothrix ginsengisoli
401470	Undibacterium pigrum
401471	Undibacterium parvum
402734	Flavobacterium terrigena
404407	Pseudomonas indoloxydans
405438	Sphingomonas bosoensis
405444	Stenotrophomonas humi
405446	Stenotrophomonas terrae
406095	Flavobacterium kamogawaensis
407019	Sphingomonas astaxanthinifaciens
407029	Pseudomonas acephalitica
408558	Comamonas composti
408580	Bacillus coahuilensis
410731	Acinetobacter xiamenensis
410764	Rhizobium multihospitium
411945	Rhizobium miluonense
413712	Sphingomonas pseudosanguinis
415425	Flavobacterium terrae
415607	Pseudomonas acetoxians
415852	Comamonas margaretae
416016	Flavobacterium cucumis
416274	Polaromonas rhizosphaerae
416339	Pseudomonas teessidea
416340	Pseudomonas clemancea
417620	Pseudomonas collierea
418184	Sphingomonas molluscorum
418223	Methylobacterium phyllosphaerae
418699	Azoarcus olearius
418707	Methylobacterium iners
418708	Methylobacterium aerolatum
418856	Nevskia soli
424796	Brevundimonas lenta
424798	Rhizobium soli
424800	Sphingomonas insulae
425504	Pseudomonas guineae
426226	Flavobacterium subsaxonicum
427683	Methylobacterium platani
428988	Flavobacterium lindanitolerans
428992	Pseudomonas panipatensis
428996	Sphingomonas mathurensis
429134	Sphingomonas desiccabilis
430678	Rhizobium cnuense
431778	Bacillus aeris
431779	Bacillus ferrariarum
432607	Bacillus isabeliae
433606	Sphingomonas polyaromaticivorans
437900	Pseudomonas marincola
441127	Pseudomonas metavorans
441133	Pseudomonas cinnamophila
441134	Pseudomonas multiaromavorans
441950	Bradyrhizobium iriomotense
442526	Massilia brevitalea
442694	Xanthomonas perforans
443612	Flavobacterium resistens
444446	Duganella nigrescens
449215	Bacillus longiquaesitum
450365	Aquabacterium fontiphilum
451876	Rhizobium rhizoryzae
453817	Massilia aerilata
453846	Sphingomonas aestuarii
454756	Sphingomonas kwangyangensis
456327	Xanthomonas euvesicatoria
457502	Polaromonas jejuensis
457921	Massilia varians
457923	Massilia haematophila
459471	Flavobacterium tiangeerense
459524	Bacillus shandongensis
459526	Flavobacterium anhuiense
459528	Pseudomonas duriflava
465797	Acinetobacter septicus
468056	Flavobacterium fluvii
470150	Pseudomonas taiwanensis
472166	Brevundimonas basaltis
481366	Limnobacter litoralis
484088	Rhizobium tubonense
485870	Pseudomonas anuradhapurensis
485876	Pseudomonas oryzicola
485880	Pseudomonas kurunegalensis
485888	Pseudomonas vlassakiae
485895	Pseudomonas wayambapalatensis
485898	Pseudomonas promysalinigenes
485907	Rhizobium borbori
487316	Acinetobacter soli
487698	Stenotrophomonas pavanii
489632	Pseudomonas chengduensis
490189	Flavobacterium caeni
492774	Rhizobium alamii
498292	Flavobacterium swingsii
498301	Flavobacterium rivuli
499117	Pseudomonas mutabilis
501024	Rhizobium tibeticum
503361	Flavobacterium sasangense
508661	Rhizobium herbae
508869	Bradyrhizobium genosp. SA-4
510515	Comamonas guangdongensis
510946	Flavobacterium cauense
511662	Sphingomonas japonica
515393	Pseudomonas yamanorum
515489	Bradyrhizobium cytisi
515499	Bradyrhizobium rifense
517011	Stenotrophomonas chelatiphaga
522492	Pseudomonas massiliensis
527312	Hoeflea siderophila
529705	Sphingomonas changbaiensis
535906	Sphingomonas oryziterrae
535907	Sphingomonas jinjuensis
543360	Pseudomonas cuatrocienegasensis
544910	Massilia niabensis
544911	Massilia niastensis
547007	Pseudomonas piscicola
551987	Duganella sacchari
551988	Duganella radicis
551990	Flavobacterium glycines
553447	Methylobacterium soli
553814	Acidovorax carolinensis
554283	Flavobacterium chungangense
554344	Pseudomonas toyotomiensis
556499	Propionibacterium acidifaciens
556529	Flavobacterium algicola
556533	Pseudomonas benzenivorans
558537	Delftia lacustris
560405	Methylobacterium dankookense
560535	Rhizobium sphaerophysae
561879	Bacillus safensis
563996	Sphingomonas hankookensis
568783	Herbaspirillum aquaticum
570505	Methylobacterium bullatum
573179	Rhizobium fabae
574561	Rhizobium pisi
574962	Pseudomonas taeanensis
575322	Sphingomonas oligoaromativorans
578290	Rhizobium endophyticum
582418	Bacillus tianmuensis
582667	Methylobacterium pseudosasicola
582672	Methylobacterium phyllostachyos
582675	Methylobacterium gossipiicola
587633	Bacillus chungangensis
587738	Sphingomonas hunanensis
588932	Brevundimonas naejangsanensis
589104	Rhizobium kunmingense
591204	Flavobacterium macrobrachii
592050	Acidovorax soli
592361	Pseudomonas peli
595670	Acinetobacter kyonggiensis
600331	Methylobacterium marchantiae
604089	Flavobacterium sinopsychrotolerans
630921	Bradyrhizobium embrapense
632955	Acinetobacter rudis
634290	Rhizobium vallis
634430	Sphingomonas rubra
634784	Bradyrhizobium algeriense
640205	Pseudomonas seleniipraecipitans
643568	Sphingomonas xinjiangensis
648894	Massilia jejuensis
648895	Massilia suwonensis
649100	Flavobacterium yonginense
651823	Flavobacterium myungsuense
653931	Sphingomonas alpina
653954	Sphingomonas haloaromaticamans
657326	Flavobacterium beibuense
657642	Brevundimonas olei
658225	Sphingomonas glacialis
658457	Pseudomonas composti
659018	Stenotrophomonas daejeonensis
659251	Cupriavidus pampae
659443	Flavobacterium compostarboris
659444	Flavobacterium banpakuense
663949	Comamonas zonglianii
665133	Flavobacterium ponti
666702	Undibacterium oligocarboniphilum
666964	Azoarcus taiwanensis
673548	Comamonas terrae
675609	Nevskia terrae
676599	Stenotrophomonas panacihumi
679261	Bacillus marcorestinctum
683124	Flavobacterium haoranii
685567	Bacillus similis
686595	Flavobacterium dongtanense
687844	Flavobacterium ginsenosidimutans
702115	Pseudomonas arsenicoxydans
706182	Flavobacterium chungnamense
706183	Flavobacterium cheonanense
706184	Flavobacterium anseonense
706185	Flavobacterium cheonhonense
706186	Flavobacterium dankookense
706187	Flavobacterium koreense
706570	Pseudomonas flexibilis
708634	Aquabacterium limnoticum
709803	Bradyrhizobium nitroreducens
714899	Hoeflea halophila
717831	Rhizobium genosp. TUXTLAS-24
717832	Rhizobium genosp. TUXTLAS-25
717833	Rhizobium genosp. TUXTLAS-26
717834	Rhizobium genosp. TUXTLAS-27
717835	Rhizobium genosp. TUXTLAS-28
722472	Bradyrhizobium lablabi
728056	Flavobacterium oncorhynchi
735331	Leptothrix ochracea
735519	Rhizobium halophytocola
739143	Flavobacterium phragmitis
742719	Acinetobacter oryzae
743699	Xanthomonas dyei
745819	Bacillus alkalicola
747302	Delftia litopenaei
756892	Acinetobacter indicus
758826	Acidovorax radicis
760117	Massilia consociata
762836	Duganella phyllosphaerae
767694	Methylobacterium longum
796007	Massilia tieshanensis
858423	Bradyrhizobium arachidis
861534	Sphingomonas formosensis
861865	Sphingomonas laterariae
862134	Sphingomonas ginsenosidimutans
862135	Sphingomonas ginsenosidivorax
862645	Bacillus pseudoflexus
863372	Herbaspirillum huttiense
866564	Polaromonas glacialis
866565	Polaromonas cryoconiti
869719	Sphingomonas endophytica
871694	Flavobacterium ginsengisoli
871695	Flavobacterium ginsengiterrae
871741	Brevundimonas viscosa
872396	Bacillus daqingensis
875042	Flavobacterium tilapiae
877464	Flavobacterium chungbukense
879568	Rhizobium capsici
882211	Pseudomonas deceptionensis
904715	Sphingomonas jejuensis
908946	Rhizobium subbaraonis
912707	Rhizobium helanshanense
913024	Flavobacterium ummariense
915099	Pseudomonas canadensis
915471	Pseudomonas linyingensis
915472	Pseudomonas nitritireducens
927702	Rhizobium pongamiae
930166	Pseudomonas brassicacearum
930197	Sphingomonas cynarae
931866	Bradyrhizobium ottawaense
932741	Methylobacterium cerastii
935223	Flavobacterium xueshanense
935224	Flavobacterium urumqiense
940133	Sphingomonas limnosediminicola
942865	Cupriavidus plantarum
942866	Cupriavidus alkaliphilus
944322	Methylobacterium oxalidis
945844	Massilia oculi
946677	Flavobacterium chilense
946678	Flavobacterium araucananum
947378	Brevundimonas faecalis
977800	Sphingomonas swuensis
984260	Rhizobium skierniewicense
989370	Bradyrhizobium manausense
990078	Bradyrhizobium huanghuaihaiense
992288	Bacillus pakistanensis
992289	Flavobacterium nitratireducens
993502	Bradyrhizobium daqingense
998845	Flavobacterium jumunjinense
1001822	Cupriavidus agavae
1003091	Methylobacterium thuringiense
1003092	Methylobacterium trifolii
1007099	Pseudomonas kuykendallii
1010610	Methylobacterium gnaphalii
1033734	Bacillus timonensis
1035271	Rhizobium nepotum
1038845	Flavobacterium rakeshii
1038859	Bradyrhizobium murdochi
1040979	Cupriavidus neocaledonicus
1045317	Sphingomonas lutea
1055468	Pseudomonas karstica
1055469	Pseudomonas spelaei
1069116	Bacillus songklensis
1069983	Flavobacterium kyungheense
1069987	Sphingomonas kyungheensis
1071718	Bacillus mesophilum
1074049	Candidatus Burkholderia crenata
1074050	Candidatus Burkholderia mamillata
1074051	Candidatus Burkholderia virens
1076620	Pseudomonas zeshuii
1076926	Rhizobium laguerreae
1079800	Rhizobium mesoamericanum
1081598	Bacillus coreaensis
1082851	Comamonas serinivorans
1085791	Rhizobium cf. leguminosarum
1090375	Candidatus Burkholderia pumila
1090379	Candidatus Burkholderia brachyanthoides
1090471	Candidatus Burkholderia humilis
1096779	Acinetobacter puyangensis
1101402	Flavobacterium aciduliphilum
1104779	Sphingomonas segetis
1114193	Bacillus vitellinus
1114861	Flavobacterium collinsii
1114867	Flavobacterium plurextorum
1114870	Flavobacterium branchiarum
1114873	Flavobacterium tructae
1114874	Flavobacterium piscis
1114875	Flavobacterium branchiicola
1119057	Flavobacterium squillarum
1119058	Undibacterium macrobrachii
1119528	Methyloversatilis discipulorum
1120045	Rhizobium grahamii
1123912	Pseudomonas auricularis
1123978	Sphingomonas azotofornans
1123979	[Pseudomonas] jianii
1124188	Flavobacterium fontis
1125965	Brevundimonas abyssalis
1128970	Flavobacterium noncentrifugens
1131567	Undibacterium squillarum
1132659	Rhizobium alvei
1132690	Pseudomonas salinarum
1132695	Rhizobium helianthi
1135990	Pseudomonas sagittaria
1136135	Rhizobium azibense
1138170	Rhizobium aethiopicum
1138189	Rhizobium bangladeshense
1138190	Rhizobium binae
1138194	Rhizobium lentis
1141883	Massilia putida
1141884	Methylobacterium nonmethylotrophicum
1141887	Sphingomonas lenta
1141888	Sphingomonas difficilis
1141889	Sphingomonas spermidinifaciens
1141890	Sphingomonas guangdongensis
1141892	Sphingomonas gimensis
1148157	Acinetobacter oleivorans
1148509	Pseudomonas prosekii
1149773	Phyllobacterium endophyticum
1150157	Bacillus bingmayongensis
1163398	Pseudomonas donghuensis
1164594	Massilia yuzhufengensis
1166323	Sphingomonas carotinifaciens
1166337	Sphingomonas jatrophae
1166340	Sphingomonas gellani
1166683	Rhizobium cauense
1172363	Sphingomonas chloroacetimidivorans
1172977	Rhizobium qilianshanense
1175514	Nevskia aquatilis
1175516	Nevskia persephonica
1176176	Methylobacterium haplocladii
1176177	Methylobacterium brachythecii
1176259	Pseudomonas songnenensis
1176532	Flavobacterium hankyongi
1176646	Sphingomonas daechungensis
1178537	Bacillus xiamenensis
1178540	Bacillus zhangzhouensis
1178786	Bacillus thaonhiensis
1179767	Bradyrhizobium ganzhouense
1184720	Rhizobium anhuiense
1187852	Methylobacterium tarhaniae
1189127	'Burkholderia humi' Srinivasan et al. 2013
1194168	Comamonas jiangduensis
1198456	Pseudomonas guguanensis
1202724	Flavobacterium akiainvivens
1204512	Flavobacterium hauense
1206817	Rhizobium paknamense
1208599	Bacillus cihuensis
1211118	Flavobacterium arsenitoxidans
1211803	Comamonas phosphati
1214924	Rhizobium lemnae
1219257	Sphingomonas canadensis
1219382	Acinetobacter nectaris
1219383	Acinetobacter boissieri
1220495	Pseudomonas punonensis
1221996	Bacillus thermotolerans
1222002	Flavobacterium panaciterrae
1224302	Undibacterium terreum
1224307	Rhizobium arsenicireducens
1226327	Acinetobacter kookii
1229165	Acinetobacter apis
1232668	Rhizobium oryzicola
1236486	Flavobacterium aquaticum
1237076	Flavobacterium oryzae
1241321	Flavobacterium yanchengense
1241761	Sphingomonas yantingensis
1243664	Bacillus massiliigorillae
1244894	Sphingomonas fonticola
1245520	Bacillus thermophilum
1245521	Bacillus borbori
1245526	Pseudomonas guangdongensis
1247546	Pseudomonas hunanensis
1249629	Flavobacterium panacisoli
1255681	Acinetobacter genospecies
1255683	Stenotrophomonas indologenes
1259676	Sphingomonas psychrolutea
1262585	Acinetobacter qingfengensis
1262732	Bacillus cheonanensis
1264931	Flavobacterium acidificum
1265696	Flavobacterium ahnfeltiae
1265740	Flavobacterium cutihirudinis
1265931	Rhizobium metallidurans
1268553	Sphingomonas kyeonggiensis
1274359	Pseudomonas sihuiensis
1274631	Bradyrhizobium icense
1285900	Bacillus fengqiuensis
1288410	Pseudomonas guariconensis
1291552	Bacillus oceani (ex Liu et al. 2013)
1296669	Aquabacterium olei
1299340	Flavobacterium longum
1299341	Flavobacterium urocaniciphilum
1300035	Bradyrhizobium retamae
1300039	Bradyrhizobium centrosematis
1300045	Bradyrhizobium americanum
1302376	Candidatus Pseudomonas adelgestsugas
1303090	Massilia kyonggiensis
1305675	Bacillus solimangrovi
1306518	Flavobacterium keumense
1306519	Flavobacterium commune
1306993	Pseudomonas soli
1310165	Ralstonia pseudosolanacearum
1310418	Flavobacterium gyeonganense
1312132	Rhizobium populi
1312182	Rhizobium calliandrae
1312183	Rhizobium jaguaris
1312184	Rhizobium mayense
1312364	Brevundimonas albigilva
1321368	Xanthomonas maliensis
1324350	Acinetobacter equi
1325090	Bradyrhizobium guangdongense
1325095	Bradyrhizobium guangzhouense
1325107	Bradyrhizobium zhanjiangense
1325115	Bradyrhizobium guangxiense
1325118	Bradyrhizobium nanningense
1325724	Brevundimonas vancanneytii
1326968	Bacillus australimaris
1327635	Sphingomonas psychrotolerans
1334106	Phyllobacterium loti
1341165	Flavobacterium enshiense
1344948	Sphingomonas aerophila
1344949	Undibacterium jejuense
1344950	Undibacterium seohonense
1344951	Sphingomonas naasensis
1346290	Methyloversatilis thermotolerans
1347368	Bacillus ndiopicus
1352541	Bacillus radicibacter
1353277	Rhizobium freirei
1353778	Flavobacterium lacus
1353941	Acinetobacter harbinensis
1355329	Sphingomonas lacus
1355330	Flavobacterium faecale
1355477	Bradyrhizobium diazoefficiens
1355856	Burkholderia australis
1368430	Rhizobium rosettiformans
1387186	Rhizobium straminoryzae
1387849	Comamonas faecalis
1392775	Flavobacterium paronense
1392877	Pseudomonas oryzae
1393049	Flavobacterium daemonense
1395944	Rhizobium smilacinae
1395951	Rhizobium gei
1395958	Sphingomonas hylomeconis
1395960	Sphingomonas gei
1397514	Acinetobacter movanagherensis
1399419	Bradyrhizobium sacchari
1401027	Flavobacterium limnosediminis
1401443	Rhizobium pakistanense
1403243	Bacillus canaveralius
1404367	Bradyrhizobium symbiodeficiens
1404411	Bradyrhizobium septentrionale
1404768	Bradyrhizobium amphicarpaeae
1404864	Bradyrhizobium cosmicum
1410040	Burkholderia rinojensis
1419263	Bradyrhizobium forestalis
1419277	Bradyrhizobium brasilense
1424203	Pseudomonas lalucatii
1433257	Flavobacterium fluminis
1433544	Acinetobacter refrigeratoris
1435036	Acinetobacter bohemicus
1437360	Bradyrhizobium erythrophlei
1437434	Bacillus salitolerans
1441095	Bacillus gobiensis
1442366	Massilia norwichensis
1442595	Flavobacterium qiangtangense
1443434	Brevundimonas denitrificans
1443480	Pseudomonas iranica
1443941	Acinetobacter gandensis
1448271	Bacillus oleivorans
1450134	Stenotrophomonas bentonitica
1455569	Flavobacterium procerum
1455570	Flavobacterium maotaiense
1456814	Pseudomonas constantinii
1457523	Comamonas humi
1460355	Sphingomonas mohensis
1460676	Sphingomonas arantia
1461376	Pseudomonas trautweinii
1461581	Pseudomonas saudimassiliensis
1462994	Cupriavidus yeoncheonensis
1462999	Sphingomonas panaciterrae
1463404	Bacillus tianshenii
1463663	Bacillus aequororis
1468413	Bacillus massilioanorexius
1471381	Pseudomonas helmanticensis
1476463	Flavobacterium palustre
1476724	Bacillus firmis
1477517	Pseudomonas lopnurensis
1478199	Flavobacterium notoginsengisoli
1480615	Hoeflea olei
1484332	Flavobacterium arsenatis
1485217	Massilia eurypsychrophila
1492737	Flavobacterium gilvum
1492738	Flavobacterium seoulense
1494429	Bacillus ectoiniformans
1495066	Pseudomonas capeferrum
1497615	Bradyrhizobium neotropicale
1497618	Bradyrhizobium ingae
1499680	Bacillus rubiinfantis
1499685	Bacillus andreraoultii
1499686	Pseudomonas saudiphocaensis
1499973	Escherichia marmotae
1500313	'Sphingomonas aeria' Park et al. 2015 non Xue et al. 2018
1500966	Pseudomonas populi
1505087	Bradyrhizobium centrolobii
1507735	Pseudomonas tarimensis
1507807	Acinetobacter idrijaensis
1510192	Flavobacterium shanxiense
1510468	Bacillus haikouensis
1515666	Pseudomonas matsuisoli
1517580	Massilia humi
1518501	Bradyrhizobium valentinum
1520277	Phyllobacterium sophorae
1520671	Flavobacterium maris
1522308	Bacillus niameyensis
1522318	Bacillus kwashiorkori
1524097	Massilia glaciei
1529638	Flavobacterium suzhouense
1534289	Bacillus dabaoshanensis
1534803	Bradyrhizobium ferriligni
1535242	Rhizobium sophorae
1535245	Rhizobium sophoriradicis
1535303	Flavobacterium collinsense
1536707	Massilia arvi
1537398	Undibacterium aquatile
1538158	Rhizobium acidisoli
1538159	Rhizobium hidalgonense
1540163	Flavobacterium endophyticum
1541170	Sphingomonas morindae
1544455	Flavobacterium jejuense
1547283	Bacillus weihaiensis
1547575	Bacillus salmalaya
1549636	Rhizobium aquaticum
1549858	Sphingomonas taxi
1549892	Bradyrhizobium kavangense
1549938	Bradyrhizobium namibiense
1549945	Bradyrhizobium subterraneum
1549949	Bradyrhizobium vignae
1560345	Sphingomonas panacis
1562974	Comamonas piscis
1563157	Pseudomonas endophytica
1563479	Flavobacterium dauae
1571201	Bradyrhizobium oropedii
1571202	Bradyrhizobium altum
1572858	Brevundimonas balnearis
1577705	Pseudomonas glareae
1582270	Acinetobacter populi
1582803	Flavobacterium vireti
1583341	Pseudomonas cerasi
1585791	Rhizobium puerariae
1589181	Sphingomonas parvus
1591090	Acinetobacter plantarum
1591407	Flavobacterium lacunae
1594400	Sphingomonas flava
1603353	Massilia psychrophila
1605838	Pseudomonas coleopterorum
1608994	Pseudomonas weihenstephanensis
1608996	Pseudomonas helleri
1609977	Sphingomonas hengshuiensis
1614635	Polaromonas eurypsychrophila
1615673	Pseudomonas paralactis
1615674	Pseudomonas lactis
1617283	Flavobacterium nitrogenifigens
1622072	Bacillus testis
1622082	Bacillus salis
1628086	Pseudomonas kribbensis
1628277	Pseudomonas gregormendelii
1632684	Bacillus piscicola
1632740	Sphingomonas zeicaulis
1634989	Sphingomonas carri
1646119	Flavobacterium gossypii
1646122	Sphingomonas zeae
1648146	Flavobacterium buctense
1650438	Rhizobium paranaense
1651218	Delftia deserti
1653845	Flavobacterium acidurans
1653846	Leptothrix lopholea
1653853	Pseudomonas gelidicola
1654716	Bradyrhizobium viridifuturi
1655233	Flavobacterium brevivitae
1655235	Flavobacterium verecundum
1658060	Sphingomonas vulcanisoli
1658740	Flavobacterium tyrosinilyticum
1664069	Bacillus glycinifermentans
1664572	Sphingomonas piscinae
1671795	Rhizobium ecuadorense
1673609	Acinetobacter albensis
1674920	Pseudomonas fildesensis
1675530	Acinetobacter genomosp. 33YU
1675792	Acidovorax cavernicola
1677894	Flavobacterium lutivivi
1678728	Flavobacterium kingsejongi
1682742	Flavobacterium aquicola
1685414	Flavobacterium tistrianum
1685415	Stenotrophomonas tumulicola
1691904	Pseudomonas sediminis
1697972	Methylobacterium crusticola
1697973	Sphingomonas crusticola
1706000	'Sphingomonas ginsengisoli' Hoang et al. 2012
1706838	Flavobacterium terriphilum
1720202	Bacillus phocaeensis
1720302	Xanthomonas massiliensis
1729892	Bradyrhizobium campsiandrae
1735121	Sphingomonas oleivorans
1736690	Sphingomonas qilianensis
1737357	Rhizobium wenxiniae
1739108	Sphingomonas palustris
1742359	Bacillus dafuensis
1743143	Bacillus wudalianchiensis
1747903	Janthinobacterium psychrotolerans
1751056	Flavobacterium ammonificans
1751095	Flavobacterium ammoniigenes
1752076	Acinetobacter halotolerans
1755647	Bradyrhizobium macuxiense
1756020	Flavobacterium orientale
1761772	Bradyrhizobium shewense
1762886	Sphingomonas faucium
1762892	Undibacterium arcticum
1763534	Flavobacterium crassostreae
1763773	Sphingomonas hankyongensis
1763824	Sphingomonas aquatica
1764550	Rhizobium aegyptiacum
1767027	Flavobacterium suaedae
1772194	Massilia pinisoli
1774945	Flavobacterium profundi
1775910	Methylobacterium indicum
1776165	Massilia eburnea
1776740	Acinetobacter modestus
1776741	Acinetobacter proteolyticus
1776742	Acinetobacter vivianii
1778406	Comamonas aquatilis
1778662	Flavobacterium fulvum
1778664	Flavobacterium pedocola
1778668	Flavobacterium humicola
1778671	Limnobacter humi
1779358	Sphingomonas metalli
1783360	Comamonas sediminis
1783501	Bacillus freudenreichii
1783502	Bacillus aporrhoeus
1784713	Flavobacterium arcticum
1785145	Pseudomonas glycinae
1788301	Pseudomonas versuta
1789224	Acinetobacter larvae
1792500	Burkholderia guangdongensis
1793963	Bacillus nakamurai
1793966	Pseudomonas fluvialis
1795387	Sphingomonas silvisoli
1796606	Cupriavidus nantongensis
1797754	Bacillus nitroreducens
1799160	Bacillus magaterium
1803665	Bradyrhizobium stylosanthis
1805474	Bacillus mediterraneensis
1805475	Bacillus massilionigeriensis
1806536	Pseudomonas turukhanskensis
1806892	Acinetobacter pragensis
1808955	Bacillus mesophilus
1811224	Massilia terrae
1811225	Massilia solisilvae
1811226	Massilia agilis
1812100	Undibacterium danionis
1813468	Sphingomonas naphthae
1813878	Sphingomonas agri
1813879	Sphingomonas panacisoli
1815555	Flavobacterium effusum
1815560	Flavobacterium dispersum
1816693	Bacillus massiliglaciei
1816695	Bacillus tuaregi
1820009	Rhizobium albus
1821260	Bacillus marinisedimentorum
1822381	Massilia chloroacetimidivorans
1825787	Pseudomonas asuensis
1826671	Pseudomonas humi
1834035	Flavobacterium amniphilum
1834036	Flavobacterium riviphilum
1834038	Undibacterium amnicola
1834436	Flavobacterium quisquiliarum
1839709	Pseudomonas ovata
1839785	Acinetobacter portensis
1840411	Bacillus capparidis
1842667	Flavobacterium eburneum
1843236	Sphingomonas montana
1843237	Sphingomonas prati
1843371	Acinetobacter guerrae
1843580	Xanthomonas floridensis
1843581	Xanthomonas nasturtii
1844115	Sphingomonas floccifaciens
1848973	Sphingomonas colocasiae
1850242	Massilia neuiana
1850373	Rhizobium rhizophilum
1852019	Flavobacterium solisilvae
1852020	Flavobacterium silvaticum
1852971	Flavobacterium luticocti
1853130	Pseudomonas silesiensis
1855283	Sphingomonas palmae
1861874	Sphingomonas gotjawalisoli
1862387	Flavobacterium fluviatile
1864509	Rhizobium altiplani
1867719	Phyllobacterium zundukense
1867956	Rhizobium oryziradicis
1869229	Pseudomonas aylmerensis
1871011	Bacillus massiliigabonensis
1871076	Flavobacterium azooxidireducens
1871111	Acinetobacter defluvii
1876757	Pseudomonas defluvii
1879050	Acinetobacter wuhouensis
1880678	Pseudomonas sivasensis
1885674	Xanthomonas cannabis
1886782	Flavobacterium olei
1886785	Massilia agri
1886787	Sphingomonas olei
1888892	Sphingomonas turrisvirgatae
1891224	Acinetobacter celticus
1892903	Herbaspirillum camelliae
1895847	Sphingomonas bacterium
1899321	Phyllobacterium salinisoli
1903960	Bacillus alcaliphilum
1904756	Brevundimonas canariensis
1904807	Bradyrhizobium mercantei
1905276	Pseudomonas pharmacofabricae
1905846	Rhizobium zeae
1911919	Acinetobacter genomosp. NB21
1911920	Acinetobacter genomosp. NB28
1911921	Acinetobacter genomosp. NB33
1911922	Acinetobacter genomosp. NB4
1911923	Acinetobacter genomosp. NB53
1911924	Acinetobacter genomosp. NB54
1912214	Bacillus alkalicellulosilyticus
1914462	Flavobacterium hibisci
1914540	Bacillus obstructivus
1915059	Delftia rhizosphaerae
1915074	Sphingomonas jeddahensis
1921138	Flavobacterium sufflavum
1922333	Hoeflea prorocentri
1924988	Acidovorax lacteus
1925020	Bacillus swezeyi
1925021	Bacillus haynesii
1926278	Bacillus dakarensis
1926279	Bacillus marasmi
1926280	Bacillus sinesaloumensis
1928661	Bradyrhizobium cajani
1928857	Flavobacterium ovatum
1931241	Pseudomonas phragmitis
1932749	Flavobacterium niveum
1932779	Flavobacterium undicola
1936060	Bacillus caccae
1940408	Flavobacterium pokkalii
1943631	Pseudomonas laurylsulfativorans
1958950	Pseudomonas floridensis
1960096	Flavobacterium inkyongense
1962131	Propionibacterium ruminifibrarum
1963032	Bacillus intestinalis
1964312	Herbaspirillum piri
1967781	Rhizobium esperanzae
1969559	Bacillus aerolacticus
1975704	Sphingomonas frigidaeris
1977882	Acinetobacter silvestris
1979270	Sphingomonas crocodyli
1981513	Pseudomonas profundi
1983719	Bacillus shivajii
1985254	Xanthomonas phaseoli
1986026	Rhizobium wuzhouense
2004485	Acidovorax kalamii
2004650	Acinetobacter chinensis
2006115	Acinetobacter piscicola
2006980	Pseudomonas edaphica
2008450	Rhizobium panacihumi
2011008	Bacillus alkalisoli
2011015	Pseudomonas laurylsulfatiphila
2014074	Bacillus solitudinis
2014075	Bacillus xiapuensis
2014887	Herbaspirillum robiniae
2022802	Flavobacterium cyanobacteriorum
2023067	Flavobacterium aurantiibacter
2023265	Flavobacterium soyangense
2024526	Flavobacterium sediminilitoris
2025316	Flavobacterium knui
2026176	Massilia phosphatilytica
2026653	Flavobacterium chuncheonense
2026654	Flavobacterium luteum
2026655	Flavobacterium lacicola
2026681	Flavobacterium foetidum
2027552	Flavobacterium flaviflagrans
2035448	Rhizobium chutanense
2036819	Flavobacterium ureilyticum
2038277	Methylobacterium frigidaeris
2038737	Flavobacterium ardleyense
2039284	Bacillus fungorum
2040274	Sphingomonas antarctica
2041385	Rhizobium tumorigenes
2044872	Pseudomonas bohemica
2045105	Flavobacterium limi
2045200	Pseudomonas rhizophila
2045208	Massilia violaceinigra
2045214	Stenotrophomonas lactitubi
2045451	Stenotrophomonas indicatrix
2051553	Methylobacterium currus
2053287	Acinetobacter pseudolwoffii
2053930	Xanthomonas prunicola
2056231	Pseudomonas qingdaonensis
2057005	Flavobacterium naphthae
2065192	Flavobacterium phocarum
2071607	Sphingomonas rhizophila
2072566	Brevundimonas humi
2078689	Pseudomonas jilinensis
2078952	Bacillus kexueae
2078954	Bacillus manusensis
2080416	Flavobacterium alvei
2081791	Rhizobium ruizarguesonis
2082725	Flavobacterium hungaricum
2109267	Propionibacterium westphaliense
2116704	Sphingomonas deserti
2126556	Flavobacterium artemisiae
2126983	Acinetobacter stercoris
2133765	Flavobacterium circumlabens
2133766	Flavobacterium cupreum
2133767	Flavobacterium psychroterrae
2136182	Acinetobacter cumulans
2136183	Acinetobacter sichuanensis
2161748	Pseudomonas mangrovi
2162713	Flavobacterium magnum
2169409	Flavobacterium laiguense
2169410	Flavobacterium psychrotolerans
2170554	Bacillus ferrooxidans
2171756	Rhizobium terrae
2172098	Flavobacterium pallidum
2175090	Sphingomonas pokkalii
2175091	Flavobacterium album
2182425	Rhizobium album
2183896	Flavobacterium crocinum
2201181	Flavobacterium sediminis
2202825	Methylobacterium durans
2202827	Methylobacterium terrae
2202828	Methylobacterium radiodurans
2211133	Flavobacterium sharifuzzamanii
2211445	Flavobacterium hydrophilum
2212428	Pseudomonas viridilivida
2212651	Flavobacterium cheongpyeongense
2213015	Pseudomonas sichuanensis
2217670	Flavobacterium aquariorum
2219225	Pseudomonas asiatica
2233533	Flavobacterium tibetense
2234132	Burkholderia reimsis
2249356	Flavobacterium fluviale
2249466	Sphingomonas tabacisoli
2250086	Acinetobacter genomosp. 23
2259594	Flavobacterium petrolei
2259622	Xanthomonas euroxanthea
2267833	Rhizobium oryzihabitans
2282554	Pseudomonas tianjinensis
2283317	Sphingomonas aracearum
2292701	Flavobacterium zaozhuangense
2293832	Pseudomonas kairouanensis
2293833	Pseudomonas nabeulensis
2293980	Brevundimonas lutea
2301192	Flavobacterium chryseum
2303576	Sphingomonas mesophila
2305907	Sphingomonas gilva
2315236	Aquabacterium pictum
2315330	Sphingomonas ginkgonis
2315464	Bacillus salacetis
2315689	Sphingomonas edaphi
2315887	Flavobacterium aquimarinum
2316085	Pseudomonas bubulae
2319844	Sphingomonas paeninsulae
2320861	Sphingomonas cavernae
2320864	Massilia cavernae
2320866	Pseudomonas cavernicola
2320867	Pseudomonas cavernae
2364026	Bradyrhizobium ripae
2364649	Pseudomonas laurentiana
2419601	Acinetobacter rongchengensis
2419603	Acinetobacter tianfuensis
2420890	Acinetobacter chengduensis
2448482	Pseudomonas leptonychotis
2483802	Acinetobacter ihumii
2484750	Sphingomonas populi
2487274	Brevundimonas fluminis
2487276	Bacillus cabrialesii
2487346	Pseudomonas neustonica
2487355	Pseudomonas carnis
2487519	Pseudomonas daroniae
2487520	Pseudomonas dryadis
2488728	Flavobacterium tangerinum
2488729	Flavobacterium viscosum
2488750	Methylobacterium segetis
2488790	Flavobacterium ustbae
2488993	Flavobacterium macacae
2492960	Bacillus yapensis
2493092	Aquabacterium soli
2493631	Flavobacterium zhairuonense
2493633	Pseudomonas hydrolytica
2495579	Massilia atriviolacea
2495591	Undibacterium piscinae
2497483	Flavobacterium bomense
2499852	Methylobacterium oryzihabitans
2502784	Flavobacterium cerinum
2502979	Pseudomonas khazarica
2505979	Pseudomonas viciae
2506421	Flavobacterium stagni
2506422	Flavobacterium amnicola
2506424	Flavobacterium piscinae
2506430	Rhizobium rhododendri
2511166	Bradyrhizobium ivorense
2518177	Flavobacterium sangjuense
2518644	Pseudomonas tructae
2528175	Undibacterium crateris
2528630	Aquabacterium lacunae
2529389	Sphingomonas solaris
2529433	Flavobacterium silvisoli
2541724	Flavobacterium rhamnosiphilum
2541725	Flavobacterium ranwuense
2541731	Flavobacterium cellulosilyticum
2541732	Flavobacterium caseinilyticum
2541733	Flavobacterium sandaracinum
2541734	Flavobacterium hiemivividum
2547394	Flavobacterium nackdongense
2547811	Bacillus salipaludis
2547961	Rhizobium deserti
2555898	Sphingomonas parva
2559804	Sphingomonas flavalba
2560054	Bradyrhizobium frederickii
2560055	Bradyrhizobium niftali
2561931	Massilia arenosa
2561932	Duganella callida
2562153	Massilia horti
2562683	Flavobacterium humi
2562891	Escherichia alba
2565368	Pseudomonas atacamensis
2565924	Flavobacterium supellecticarium
2570352	Limnobacter alexandrii
2571105	Pseudomonas nicosulfuronedens
2571129	Pseudomonas rhizoryzae
2572576	Sphingomonas baiyangensis
2576829	Acinetobacter pullicarnis
2579922	Pseudomonas yangonensis
2583231	Rhizobium indicum
2583531	Methylobacterium terricola
2583594	Methylobacterium thebainfresser
2584084	Methylobacterium symbioticum
2586906	Pseudomonas saliphila
2589807	Rhizobium glycinendophyticum
2590869	Janthinobacterium tructae
2593302	Flavobacterium zepuense
2593654	Pseudomonas mangiferae
2594428	Flavobacterium restrictum
2594430	Flavobacterium franklandianum
2594432	Flavobacterium gawalongense
2594473	Sphingomonas xanthus
2594946	Bradyrhizobium uaiense
2596891	Flavobacterium microcysteis
2597701	Comamonas flocculans
2599297	Sphingomonas suaedae
2599595	Pseudomonas eucalypticola
2600065	Pseudomonas haemolytica
2600598	Pseudomonas saxonica
2602769	Flavobacterium alkalisoli
2603288	Massilia arenae
2604832	Pseudomonas lalkuanensis
2605270	Acinetobacter pollinis
2605272	Acinetobacter rathckeae
2605383	Acinetobacter baretiae
2605638	Bradyrhizobium hipponense
2606214	Comamonas suwonensis
2606412	Sphingomonas montanisoli
2607407	Rhizobium flavescens
2607908	Pseudomonas kitaguniensis
2607910	Massilia rubra
2608000	Flavobacterium baculatum
2608867	Escherichia ruysiae
2608999	Cupriavidus cauae
2609000	Massilia aquatica
2609280	Massilia genomosp. 1
2609281	Massilia frigida
2609282	Massilia mucilaginosa
2609961	Pseudomonas akapageensis
2615214	Burkholderia perseverans
2650745	Xanthomonas sontii
2653122	Rhizobium dioscoreae
2653354	Bacillus aerolatus
2653628	Brevundimonas mongoliensis
2654252	Janthinobacterium violaceinigrum
2654755	Pseudomonas pratensis
2654843	Flavobacterium panici
2654844	Flavobacterium salmonis
2654845	Pseudomonas xionganensis
2656746	Stenotrophomonas nematodicola
2662362	Acinetobacter wanghuae
2663026	Bacillus zanthoxyli
2665161	Acinetobacter faecalis
2666081	Duganella alba
2666082	Duganella aquatilis
2666083	Duganella rivi
2666084	Duganella guangzhouensis
2666183	Pseudomonas juntendi
2666307	Cupriavidus lacunae
2670329	Phyllobacterium phragmitis
2670331	Nevskia lacus
2672567	Bacillus aquiflavi
2679916	Bacillus piscis
2681549	Sphingomonas profundi
2681550	Massilia puerhi
2681983	Pseudomonas bijieensis
2682058	Flavobacterium parvum
2682842	Sphingomonas horti
2683249	Flavobacterium hydrocarbonoxydans
2683269	Bradyrhizobium genomosp. I (2014)
2683270	Bradyrhizobium genomosp. II
2683271	Bradyrhizobium genomosp. III
2683589	Sphingomonas chungangi
2683610	Bacillus spongiae
2683677	Burkholderia alba
2683706	Bradyrhizobium acaciae
2684212	Pseudomonas izuensis
2692112	Pseudomonas bharatica
2692166	Duganella vulcania
2692169	Duganella levis
2692170	Duganella margarita
2692173	Duganella lactea
2692175	Duganella flavida
2692177	Duganella fentianensis
2692317	Rhizobium changzhiense
2692318	Flavobacterium ajazii
2697515	Flavobacterium phycosphaerae
2698679	Sphingomonas changnyeongensis
2698827	Flavobacterium ichthyis
2698828	Sphingomonas lacunae
2699469	Acinetobacter kanungonis
2703883	Duganella aceris
2704140	Flavobacterium bizetiae
2707027	Pseudomonas hutmensis
2707068	Sphingomonas montis
2708063	Pseudomonas brassicae
2708132	Flavobacterium chungangensis
2709659	Flavobacterium difficile
2709660	Flavobacterium lotistagni
2709780	Flavobacterium celericrescens
2710587	Pseudomonas iridis
2710589	Pseudomonas anatoliensis
2710591	Pseudomonas arcuscaelestis
2714943	Sphingomonas piscis
2714944	Sphingomonas sinipercae
2715163	Acinetobacter lanii
2715164	Acinetobacter shaoyimingii
2715209	Bacillus rugosus
2715405	Flavobacterium dasani
2715755	Pseudomonas tumuqii
2715964	Pseudomonas typographi
2717319	Massilia antibiotica
2721160	Bradyrhizobium archetypum
2721161	Bradyrhizobium australiense
2722704	Flavobacterium selenitireducens
2722791	Sphingomonas corticis
2722792	Pseudomonas quercus
2724178	Pseudomonas cremoris
2725477	Pseudomonas tohonis
2725493	Brevundimonas huaxiensis
2725995	Massilia aromaticivorans
2728020	Massilia forsythiae
2728021	Duganella dendranthematis
2728846	Massilia polaris
2728849	Rhizobium terricola
2728853	Bacillus fonticola
2730413	Pseudomonas pisciculturae
2730424	Pseudomonas mucoides
2730922	Acinetobacter geminorum
2731552	Pseudomonas solani
2731681	Pseudomonas campi
2732868	Aquabacterium terrae
2734909	Bradyrhizobium aeschynomenes
2738439	Methylobacterium ajmalii
2739792	Flavobacterium amnigenum
2740464	Phyllobacterium pellucidum
2740531	Pseudomonas allii
2741495	Sphingomonas hominis
2743470	Comamonas antarctica
2743471	Flavobacterium agri
2745482	Pseudomonas kermanshahensis
2745488	Pseudomonas peradeniyensis
2745490	Pseudomonas xantholysinigenes
2745492	Pseudomonas farsensis
2745493	Pseudomonas urmiensis
2745494	Pseudomonas shirazensis
2745495	Pseudomonas vanderleydeniana
2745496	Pseudomonas zanjanensis
2745498	Pseudomonas zarinae
2745500	Pseudomonas marvdashtae
2745502	Pseudomonas tehranensis
2745503	Pseudomonas iranensis
2745504	Pseudomonas hamedanensis
2745508	Pseudomonas khorasanensis
2745509	Pseudomonas monsensis
2745510	Pseudomonas zeae
2745511	Pseudomonas tensinigenes
2745512	Pseudomonas shahriarae
2745514	Pseudomonas salmasensis
2745518	Pseudomonas tritici
2746321	Pseudomonas phenolilytica
2746702	Rhizobium rhizolycopersici
2748320	Flavobacterium inviolabile
2748629	Bradyrhizobium quebecense
2750624	Pseudomonas paraversuta
2750625	Pseudomonas paracarnis
2751472	Duganella qianjiadongensis
2751477	Janthinobacterium aquaticum
2751478	Janthinobacterium rivuli
2751811	Bradyrhizobium agreste
2751812	Bradyrhizobium glycinis
2755406	Bradyrhizobium diversitatis
2758695	Pseudomonas chaetocerotis
2759165	Pseudomonas guryensis
2759166	Pseudomonas ullengensis
2759526	Sphingomonas aliaeris
2760084	Stenotrophomonas lacuserhaii
2762215	Acinetobacter pecorum
2762217	Bacillus norwichensis
2762229	Escherichia whittamii
2762231	Comamonas avium
2762239	Stenotrophomonas pennii
2762241	Brevundimonas guildfordensis
2762244	Xanthomonas surreyensis
2762291	Undibacterium rugosum
2762292	Undibacterium hunanense
2762294	Undibacterium curvum
2762295	Undibacterium griseum
2762297	Undibacterium flavidum
2762298	Undibacterium nitidum
2762300	Undibacterium umbellatum
2762576	Pseudomonas baltica
2762577	Pseudomonas kielensis
2762591	Sphingomonas albertensis
2762592	Pseudomonas triticumensis
2762593	Pseudomonas foliumensis
2762745	Pseudomonas carbonaria
2763075	Serpens gallinarum
2764186	Sphingomonas sabuli
2764324	Escherichia hominis
2764714	Flavobacterium kayseriense
2764716	Flavobacterium muglaense
2764718	Flavobacterium turcicum
2765360	Massilia antarctica
2771362	Stenotrophomonas cyclobalanopsidis
2772558	Pseudomonas paralcaligenes
2774189	Brevundimonas pondensis
2774190	Brevundimonas goettingensis
2774460	Pseudomonas allokribbensis
2774461	Pseudomonas gozinkensis
2775159	Xanthomonas hydrangeae
2780093	Bacillus renqingensis
2782540	Sphingomonas beigongshangi
2784389	Massilia rhizosphaerae
2792854	Massilia soli
2793066	Flavobacterium agrisoli
2796366	Comamonas fluminis
2800818	Brevundimonas vitisensis
2801336	Flavobacterium tagetis
2801340	Rhizobium setariae
2809017	Pseudomonas insulae
2810349	Bacillus suaedaesalsae
2810351	Xanthomonas bonasiae
2810352	Xanthomonas youngii
2810613	Pseudomonas alliivorans
2810614	Pseudomonas capsici
2812555	Sphingomonas arenae
2813360	Pseudomonas lactucae
2813778	Brevundimonas fontaquae
2813823	Flavobacterium bernardetii
2813827	Rhizobium cremeum
2815362	Pseudomonas palmensis
2815720	Pseudomonas germanica
2816119	Flavobacterium flabelliforme
2816120	Flavobacterium geliluteum
2816357	Flavobacterium endoglycinae
2816993	Pseudomonas schmalbachii
2817027	Phyllobacterium calauticae
2819290	Bacillus arachidis
2821403	Bradyrhizobium cenepequi
2821404	Bradyrhizobium semiaridum
2821405	Bradyrhizobium hereditatis
2821406	Bradyrhizobium australafricanum
2822138	Pseudomonas boanensis
2822140	Bacillus suaedae
2825842	Flavobacterium erciyesense
2828728	Undibacterium fentianense
2828729	Undibacterium rivi
2828731	Undibacterium baiyunense
2828733	Undibacterium luofuense
2829821	Pseudomonas quasicaspiana
2829823	Pseudomonas californiensis
2833594	Pseudomonas arenae
2833595	Pseudomonas glycinis
2833596	Pseudomonas harudinis
2837969	Pseudomonas fitomaticsae
2838017	Flavobacterium coralii
2838415	Candidatus Acinetobacter avistercoris
2838466	Candidatus Aquabacterium excrementipullorum
2838743	Candidatus Pseudomonas excrementavium
2838760	Candidatus Sphingomonas excrementigallinarum
2840469	Bradyrhizobium sediminis
2841207	Pseudomonas farris
2842345	Pseudomonas triticicola
2842346	Pseudomonas siliginis
2842347	Pseudomonas azerbaijanoccidentalis
2842348	Pseudomonas alvandae
2842349	Pseudomonas asgharzadehiana
2842350	Pseudomonas azerbaijanorientalis
2842351	Pseudomonas khavaziana
2842352	Pseudomonas botevensis
2842353	Pseudomonas ekonensis
2842354	Pseudomonas maumuensis
2842355	Pseudomonas fakonensis
2842356	Pseudomonas xanthosomatis
2842357	Pseudomonas muyukensis
2842451	Sphingomonas quercus
2842456	Ralstonia wenshanensis
2843610	Pseudomonas bananamidigenes
2843612	Pseudomonas azadiae
2846851	Rhizobium alarense
2846852	Rhizobium halophilum
2849492	Pseudomonas aromaticivorans
2849652	Duganella violaceicalia
2853159	Pseudomonas pergaminensis
2856519	Flavobacterium litorale
2857508	Flavobacterium taihuense
2859001	Pseudomonas canavaninivorans
2859785	Rhizobium populisoli
2862497	Sphingomonas folli
2862498	Sphingomonas citricola
2862499	Sphingomonas citri
2867264	Pseudomonas phytophila
2867516	Rhizobium croatiense
2867518	Rhizobium redzepovicii
2871096	Stenotrophomonas mori
2872310	Flavobacterium potami
2872652	Sphingomonas nostoxanthinifaciens
2878385	Pseudomonas uvaldensis
2880966	Bacillus rhizoplanae
2890312	Pseudomonas zeiradicis
2890313	Pseudomonas soyae
2890321	Sphingomonas radiodurans
2892443	Pseudomonas oryzagri
2892444	Massilia agrisoli
2893176	Flavobacterium pygoscelis
2894079	Pseudomonas oryziphila
2895947	Flavobacterium cyclinae
2896315	Brevundimonas pishanensis
2897181	Flavobacterium channae
2898422	Flavobacterium edaphi
2898423	Flavobacterium salilacus
2898585	Massilia phyllostachyos
2899123	Sphingomonas cannabina
2901226	Rhizobium quercicola
2901866	Bacillus pinisoli
2903098	Flavobacterium soyae
2904799	Sphingomonas cremea
2906062	Pseudomonas wenzhouensis
2906076	Flavobacterium covae
2906077	Flavobacterium davisii
2906078	Flavobacterium oreochromis
2907998	Sphingomonas telluris
2908205	Sphingomonas caseinilyticus
2908206	Sphingomonas brevis
2908207	Sphingomonas anseongensis
2908208	Sphingomonas alba
2908209	Sphingomonas hankyongi
2911009	Bradyrhizobium zhengyangense
2911683	Flavobacterium proteolyticum
2912055	Pseudomonas oligotrophica
2912190	Pseudomonas petrae
2912242	Xanthomonas indica
2918765	Sphingomonas qomolangmaensis
2919922	Acinetobacter sedimenti
2922713	Bacillus litorisediminis
2929513	Pseudomonas marianensis
2937442	Flavobacterium humidisoli
2938948	Sphingomonas glaciei
2939690	Limnobacter parvus
2942470	Acinetobacter amyesii
2943497	Acinetobacter tibetensis
2949092	Sphingomonas tagetis
2949093	Sphingomonas donggukensis
2949094	Sphingomonas liriopis
2950280	Janthinobacterium kumbetense
2951807	Sphingomonas lycopersici
2951809	Pseudomonas mercuritolerans
2952933	Pseudomonas subflava
2953895	Ralstonia mojiangensis
2953896	Ralstonia soli
2957504	Ralstonia chuxiongensis
2961896	Pseudomonas nunensis
2962567	Flavobacterium panacis
2963283	Stenotrophomonas muris
2964670	Pseudomonas serboccidentalis
2965074	Pseudomonas serbica
2978349	Pseudomonas citri
2979328	Pseudomonas agronomica
2981343	Brevundimonas brasiliensis
2982575	Pseudomonas gossypii
2983290	Pseudomonas sp.. AJJ01
2983392	Bacillus pretiosus
2984949	Sphingomonas caeni
2987686	Flavobacterium frigoritolerans
2987687	Flavobacterium shii
2989705	Flavobacterium lacisediminis
2989736	Rhizobium acaciae
2991049	Pseudomonas silensiensis
2992140	Bradyrhizobium barranii
2994642	Acinetobacter nematophilus
2995174	Pseudomonas quebecensis
3002900	Flavobacterium praedii
3003256	Flavobacterium marginilacus
3003257	Flavobacterium aestivum
3003258	Flavobacterium flavigenum
3003259	Flavobacterium luteolum
3003260	Flavobacterium gelatinilyticum
3003261	Flavobacterium aquiphilum
3003262	Flavobacterium limnophilum
3003263	Flavobacterium eburneipallidum
3016339	Flavobacterium lacustre
3019932	Rhizobium brockwellii
3019933	Rhizobium johnstonii
3019934	Rhizobium beringeri
3037696	Ralstonia nicotianae
3044279	Massilia hydrophila
